CustId,ItemCode
762013259,12053
762013259,12068
762013259,12071
762013259,12072
762013259,12077
762013259,21028
762013259,22022
762013259,22023
762013259,22024
762013259,411009
762013259,41185
762013259,41186
762013259,41236
762013259,41347
762013259,41497
762013259,41511
762013259,41679
762013259,41844
762013259,41999
762013259,41999TLS001FRM
862013891,11003
862013891,11100
862013891,11104
862013891,12064
862013891,12216TLS002FRM
862013891,21040
862013891,21045
862013891,21057
862013891,22055
862013891,41003
862013891,41038
862013891,41046
862013891,41072
862013891,41080
862013891,41081
862013891,41291
862013891,41322
862013891,41828
862013891,41945
862013891,41945TLS001FRM
862013895,11046
862013895,11056
862013895,11182
862013895,21074
862013895,21075
862013895,21076
862013895,41030
862013895,41033
862013895,41045
862013895,41047
862013895,41048
862013895,41093
862013895,41105
862013895,411161
862013895,411231
862013895,411235
862013895,411269
862013895,411305
862013895,411305TLS001FRM
862013895,41133
862013895,411340
862013895,411345
862013895,411352
862013895,411411
862013895,41212
862013895,41242
862013895,41293
862013895,41304
862013895,41312
862013895,41313
862013895,41314
862013895,41315
862013895,41317
862013895,41445
862013895,41448
862013895,41463
862013895,41466
862013895,41495
862013895,41525
862013895,41578
862013895,41579
862013895,41605
862013895,41688
862013895,41898
862013895,41936
862013895,41937
862013895,41938
862013896,22010
862013896,41005
862013896,41036
862013896,41037
862013896,41038
862013896,41052
862013896,41063
862013896,41072
862013899,411410
862013899,41169
862013899,41572
862013903,11069
862013903,11149
862013903,11287
862013903,41030
862013903,41033
862013903,41045
862013903,41047
862013903,41048
862013903,41096
862013903,41105
862013903,411365
862013903,411366
862013903,411408
862013903,411418
862013903,41212
862013903,41293
862013903,41304
862013903,41312
862013903,41314
862013903,41315
862013903,41415
862013903,41448
862013903,41498
862013903,41499
862013903,41500
862013903,41579
862013903,41621
862013903,41673
862013903,41892
862013903,41898
862013904,41096
862013904,411354
862013904,41171
862013904,41397
862013904,41415
862013904,41560
862013904,41603
862013904,41626
862013904,41673
862013905,11222
862013905,41255
862013905,41277
862013905,41285
862013907,41181
862013908,41008
862013908,41019
862013908,41025
862013908,41027
862013909,41002
862013909,41032
862013909,411044
862013909,41181
862013909,41543
862013909,41545
862013909,41637
862013909,41983
862013909,41984
862013909,41985
862013910,41002
862013910,41032
862013910,411044
862013910,41181
862013910,41543
862013910,41545
862013910,41637
862013910,41771
862013910,41983
862013910,41984
862013910,41985
862013911,22010
862013911,41036
862013911,41037
862013911,41038
862013911,41052
862013911,41063
862013911,41072
862013914,41884
862013914,41885
862013914,41901
862013914,41902
862013914,41912
862013914,41913
862013915,11094
862013915,11121
862013915,11132
862013915,12058
862013915,12226
862013915,22025TLS001FRM
862013915,411100
862013915,411147
862013915,411148
862013915,411148TLS001FRM
862013915,411198
862013915,411198TLS001FRM
862013915,411336
862013915,41135
862013915,411359
862013915,41182
862013915,41240
862013915,41287
862013915,41632
862013915,41758
862013915,41768TLS001FRM
862013915,41883
862013915,41883TLS001FRM
862013915,41932
862013915,41933
862013915,41933TLS002FRM
862013915,45932
862013915,45933
862013916,411168
862013916,41123
862013916,41129
862013916,41239
862013918,11064
862013918,11114
862013918,11115
862013918,11213
862013918,11238
862013918,11238TLS001FRM
862013918,11249
862013918,11250
862013918,11257
862013918,11306AST001FRM
862013918,11306BP001FRM
862013918,11306CR001FRM
862013918,11306DIE001FRM
862013918,11306SETG001FRM
862013918,11306TP001FRM
862013918,12081
862013918,12089
862013918,12092
862013918,12092TLS001FRM
862013918,12143
862013918,12155
862013918,12155TLS001FRM
862013918,12156
862013918,12156TLS001FRM
862013918,12163
862013918,12163TLS001FRM
862013918,12184
862013918,12184TLS001DRL
862013918,12184TLS001FRM
862013918,12184TLS001SIZ
862013918,12184TLS002FRM
862013918,12184TLS002SIZ
862013918,12184TLS003FRM
862013918,12205
862013918,411114
862013918,411120
862013918,411120TLS002FRM
862013918,411120TLS003FRM
862013918,411120TLS004FRM
862013918,411120TLS005FRM
862013918,411120TLS006FRM
862013918,411120TLS007FRM
862013918,411121
862013918,411121TLS002FRM
862013918,411121TLS003FRM
862013918,411121TLS004FRM
862013918,411121TLS005FRM
862013918,411121TLS006FRM
862013918,411121TLS007FRM
862013918,41115
862013918,41231
862013918,41548
862013918,41674
862013918,41820
862013918,41820TLS001FRM
862013918,41821
862013918,41821TLS001FRM
862013918,41822
862013918,41822TLS001FRM
862013918,41836
862013919,21039
862013919,411402
862013919,411402TLS001MIX
862013920,11019
862013922,11110
862013922,11117
862013922,411404
862013924,12075
862013924,41345
862013924,41467
862013924,41473
862013928,11053
862013928,11053BP001FRM
862013928,11053BP001SIZ
862013928,11053CR001FRM
862013928,11053CR001SIZ
862013928,11053TP001SIZ
862013928,11115
862013928,11194
862013928,11246
862013928,12081
862013928,41114
862013929,11064
862013929,11114
862013929,11115
862013929,11177
862013929,11213
862013929,11250
862013929,11306
862013929,11362
862013929,12054
862013929,12081
862013929,12089
862013929,41115
862013929,411181
862013929,41231
862013929,41548
862013929,41836
862013930,11056
862013930,11093
862013930,11094
862013930,11222
862013930,11238
862013930,11306
862013930,12155
862013930,12156
862013930,12163
862013930,12184
862013930,12205
862013930,22027
862013930,411114
862013930,411120
862013930,411121
862013930,411165
862013930,411166
862013930,411167
862013930,411181
862013930,411264
862013930,411265
862013930,411266
862013930,411324
862013931,22010
862013931,41036
862013931,41037
862013931,41052
862013931,41063
862013931,41072
862013931,41425
862013931,41843
862013932,11064
862013932,11213
862013932,11362
862013932,12089
862013932,41115
862013932,411181
862013932,41231
862013932,41548
862013932,41836
862013933,22010
862013933,41035
862013933,41037
862013933,41052
862013933,41063
862013933,411114
862013933,41843
862013934,12054
862013934,22010
862013934,41005
862013934,41843
862013935,11064
862013935,11177
862013935,11213
862013935,11238
862013935,12054
862013935,12155
862013935,12156
862013935,12163
862013935,12184
862013935,22010
862013935,22026
862013935,22027
862013935,41005
862013935,41035
862013935,41036
862013935,41052
862013935,41063
862013935,41073
862013935,41111
862013935,411114
862013935,411120
862013935,411121
862013935,41114
862013935,41115
862013935,411181
862013935,411239
862013935,41169
862013935,41231
862013935,41246
862013935,41425
862013935,41548
862013935,41735
862013935,41736
862013935,41739
862013935,41772
862013935,41836
862013935,41843
862013937,41111
862013937,411239
862013937,411239TLS001FRM
862013937,411239TLS001MCV
862013937,411239TLS002FRM
862013937,411239TLS003FRM
862013937,411239TLS004FRM
862013937,411239TLS005FRM
862013937,41735
862013938,41089
862013938,41091
862013938,41092
862013938,41095
862013939,41066
862013941,11115
862013941,12026
862013941,12040
862013941,21045
862013941,21050
862013941,22010
862013941,22013
862013941,41005
862013941,41035
862013941,41036
862013941,41037
862013941,41038
862013941,41052
862013941,41063
862013941,41066
862013941,41072
862013941,41842
862013942,12003
862013945,41124
862013945,41126
862013948,11056
862013948,11067
862013948,41021
862013948,41030
862013948,41045
862013948,41062
862013948,411000
862013948,411000TLS001FRM
862013948,411001
862013948,411001TLS001FRM
862013948,41102
862013948,411052
862013948,411058
862013948,411059
862013948,41108
862013948,411087
862013948,41109
862013948,411119
862013948,411195
862013948,411244
862013948,411245
862013948,411252
862013948,411253
862013948,411346
862013948,411347
862013948,411355
862013948,411356
862013948,411370
862013948,411403
862013948,411440
862013948,411441
862013948,411442
862013948,411443
862013948,411446
862013948,41256
862013948,41313
862013948,41314
862013948,41341
862013948,41351
862013948,41418
862013948,41664
862013948,41744
862013948,41847
862013948,41886
862013948,41887
862013948,41936
862013948,41938
862013948,41954
862013948,41959
862013948,41959TLS001FRM
862013948,41960
862013948,41961
862013948,41961TLS002FRM
862013948,41965
862013948,41965TLS001FRM
862013949,21012
862013949,22007
862013949,41050
862013949,411392
862013950,11034
862013950,41014
862013950,411372
862013950,411372TLS001FRM
862013950,41453
862013960,11056
862013960,41007
862013960,411225
862013960,411225TLS001FRM
862013960,411417
862013960,41177
862013960,41178
862013960,41300
862013960,41731
862013964,12164
862013967,41176
862013967,41431
862013967,41433
862013970,41302
862013971,12026
862013972,11067
862013972,11092
862013972,11255
862013972,41059
862013972,41094
862013972,411028
862013972,41103
862013972,411119
862013976,11106
862013976,411078
862013976,411078TLS001FRM
862013976,41226
862013976,41228
862013976,41230
862013976,41316
862013976,41426
862013977,12003
862013977,44012
862013982,11055
862013982,41034
862013982,41035
862013982,41036
862013982,41037
862013982,41038
862013982,41051
862013982,41052
862013982,41072
862013984,41121
862013984,41193
862013992,11106
862013992,411046
862013992,411078
862013992,41226
862013992,41228
862013992,41230
862013992,41316
862013993,41008
862013993,41019
862013993,41025
862013993,41027
862013993,41049
862013996,11067
862013996,11122
862013996,11139
862013996,41430
862013996,41558
862013998,41158
862013999,11143
862013999,41353
862013999,41354
862013999,41366
862013999,41366TLS001FRM
862013999,41397
862013999,41415
862013999,41416
862013999,41464
862013999,41522
862013999,41551
862013999,41620
862013999,41643
862013999,41644
862013999,41653
862013999,41750
862013999,41751
862013999,41792
862013999,41829TLS001FRM
862013999,41862
862014000,41129
862014003,411168
862014003,41122
862014003,41452
862014006,11250
862014007,11135
862014007,11159
862014007,11161
862014007,11166
862014007,11181
862014007,11212
862014007,11254
862014007,41030
862014007,41033
862014007,41045
862014007,41102
862014007,41365
862014007,41397
862014007,41454
862014007,41481
862014007,41621
862014007,41790
862014007,41888
862014008,11131
862014008,41362
862014010,12059
862014010,12074
862014011,21013
862014011,21014
862014011,41090
862014016,41386
862014019,41007
862014019,41021
862014019,41515
862014019,41745
862014020,11056
862014020,11094
862014020,11095
862014020,11229
862014020,12056
862014020,411146
862014022,11003
862014022,12027
862014022,41003
862014022,41034
862014022,41046
862014022,41080
862014022,41081
862014022,41205
862014022,41799
862014022,41923
862014024,12054
862014031,411004
862014031,411005
862014031,41262
862014031,41263
862014031,41873
862014032,11135
862014032,11159
862014032,11164
862014032,11166
862014032,11181
862014032,11231
862014032,41030
862014032,41033
862014032,41454
862014032,41481
862014032,41483
862014032,41627
862014032,41888
862014032,41891
862014032,41891TLS001FRM
862014032,41922
862014032,41949
862014032,41992
862014032,41993
862014032,41993TLS001FRM
862014033,41170
862014034,41343
862014041,41008
862014041,41019
862014041,41027
862014041,41049
862014044,41480
862014046,41050
862014047,11056
862014047,11258
862014047,11258TLS001FRM
862014047,11259
862014047,11259TLS001FRM
862014047,12227
862014047,21054
862014047,22010
862014047,22032
862014047,22032TLS001FRM
862014047,22033
862014047,22033TLS001FRM
862014047,22034
862014047,22034TLS001FRM
862014047,22035
862014047,22035TLS001FRM
862014047,41601
862014047,41602
862014047,41622
862014047,41962
862014047,41962TLS001FRM
862014047,41963
862014047,41963TLS001FRM
862014047,42005
862014049,41248
862014053,41735
862014053,41736
862014053,41739
862014054,11171
862014054,11173
862014054,41386
862014055,11122
862014055,11139
862014055,411183
862014055,41280
862014055,41430
862014055,41946
862014055,41946BP001SIZ
862014055,41946BP2.2001FRM
862014055,41946BP2.3001FRM
862014055,41946BP2.4001FRM
862014055,41946CR001SIZ
862014055,41946CR2.1001FRM
862014055,41946DIE001FRM
862014055,41946DIE001SIZ
862014055,41946TLS002FRM
862014055,41946TP001SIZ
862014055,41946TP1.3001FRM
862014055,41946TP1.4001FRM
862014055,41947
862014055,41947BP2.3001FRM
862014055,41947CR001FRM
862014055,41947DIE001FRM
862014055,41947TLS002FRM
862014055,41947TLS003FRM
862014055,41947TP1.4001FRM
862014057,41081
862014061,41029
862014065,411086
862014065,411103
862014065,411133
862014065,411199
862014065,41353
862014065,41498
862014065,41522
862014065,41704
862014065,41950
862014066,11223
862014066,411025
862014066,411038
862014066,411039
862014066,411066
862014066,411086
862014066,411412
862014066,41304
862014066,41353
862014066,41354
862014066,41355
862014066,41498
862014066,41499
862014066,41500
862014066,41522
862014066,41551
862014066,41579
862014066,41620
862014066,41643
862014066,41704
862014066,41794
862014066,41801
862014066,41802
862014066,41950
862014067,11223
862014067,411199
862014067,41353
862014067,41522
862014067,41704
862014067,41794
862014069,11205
862014082,41436
862014082,41900
862014082,41900TLS001FRM
862014082,41900TLS002FRM
862014085,411060
862014085,411061
862014085,41282
862014085,41675
862014085,41733
862014085,41812
862014085,41916
862014088,11074
862014088,21027
862014088,411350
862014088,41318
862014088,41490
862014090,12040
862014090,22013
862014090,41072
862014098,11056
862014098,11334
862014098,12108
862014098,12109
862014098,12110
862014098,12111
862014098,12115
862014098,12116
862014098,12120
862014098,12121
862014098,12125
862014098,12154
862014098,12171
862014098,12177
862014098,12211
862014098,21048
862014098,22028
862014098,22040
862014098,22058
862014098,32006
862014098,411140
862014098,41503
862014098,41504
862014098,41505
862014098,41529
862014098,41534
862014098,41564
862014098,41633
862014098,41633TLS001FRM
862014098,41662
862014098,41781
862014099,11069
862014099,41030
862014099,41045
862014099,41047
862014099,41212
862014099,41304
862014099,41312
862014099,41415
862014099,41448
862014099,41498
862014099,41499
862014099,41500
862014099,41673
862014100,22010
862014100,41005
862014100,41034
862014100,41035
862014100,41036
862014100,41037
862014100,41038
862014100,41052
862014100,41063
862014100,41072
862014102,11003
862014102,11056
862014102,11094
862014102,11100
862014102,41003
862014102,41357
862014102,41358
862014102,41382
862014102,41384
862014102,41385
862014102,41390
862014102,41391
862014102,41392
862014102,41393
862014102,41458
862014102,41507
862014102,41508
862014102,41541
862014102,41542
862014102,41918
862014102,41918TLS001FRM
862014102,41919
862014102,41919TLS001FRM
862014103,11180
862014103,41447
862014103,41485
862014103,41553
862014103,41554
862014103,41819
862014103,41986
862014105,41051
862014106,11323TLS001FRM
862014106,11324TLS001FRM
862014106,41375
862014106,41376
862014109,11164
862014109,41007
862014109,41021
862014109,41030
862014109,41033
862014109,41045
862014109,41481
862014109,41483
862014109,41745
862014109,41949
862014112,11110
862014112,41253
862014112,41444
862014113,41051
862014114,41066
862014115,41030
862014115,41033
862014115,41045
862014115,41047
862014115,41096
862014115,411231
862014115,411409
862014115,41171
862014115,41212
862014115,41242
862014115,41304
862014115,41312
862014115,41314
862014115,41315
862014115,41415
862014115,41448
862014115,41498
862014115,41499
862014115,41500
862014115,41579
862014115,41603
862014115,41673
862014118,12108
862014118,12162
862014118,12172
862014118,22028
862014118,22036
862014118,41503
862014118,41534
862014118,41564
862014119,11122
862014119,11139
862014119,411183
862014119,41255
862014119,41275
862014119,41430
862014119,41672
862014119,41748
862014119,41946
862014119,41947
862014121,41305
862014121,41306
862014122,411157
862014122,41282
862014122,41577
862014122,41733
862014122,41916
862014124,411484
862014124,411485
862014124,41386
862014130,41349
862014130,41350
862014130,41442
862014130,41443
862014131,11064
862014131,11213
862014131,12054
862014131,22010
862014131,41115
862014131,41169
862014133,411168
862014133,41129
862014133,41676
862014135,11139
862014135,411042
862014135,411042AST001FRM
862014135,411042AST002FRM
862014135,411042DIE001FRM
862014135,411042DIE001SIZ
862014135,411075
862014135,411075TLS001FRM
862014135,411149
862014135,411341
862014135,41430
862014135,41555
862014135,41556
862014135,41557
862014135,41558
862014135,41929
862014135,41930
862014135,41931
862014141,11058
862014141,11059
862014141,11060
862014141,11062
862014141,11075
862014141,11077
862014141,11078
862014142,41170
862014143,11184
862014143,11185
862014143,11186
862014143,11187
862014143,11188
862014143,11189
862014143,11190
862014143,11191
862014143,11192
862014143,11193
862014143,11203
862014143,11289
862014143,11294
862014143,11295
862014143,11352
862014143,11353
862014143,11354
862014143,411388
862014143,411389
862014143,411433
862014143,411434
862014143,411435
862014143,411449
862014143,41584
862014143,41586
862014143,41595
862014146,11185
862014146,11187
862014146,11188
862014146,11190
862014146,11191
862014146,11192
862014146,11289
862014146,411306
862014146,411416
862014146,411436
862014146,411437
862014146,41582
862014146,41583
862014146,41584
862014146,41586
862014146,41590
862014146,41591
862014146,41592
862014146,41595
862014146,41596
862014146,41606
862014146,41608
862014146,41664
862014146,41995
862014147,12054
862014148,11186
862014148,11187
862014148,11188
862014148,11191
862014148,11192
862014148,11193
862014148,41584
862014148,41586
862014148,41664
862014150,41566
862014150,41567
862014150,41876
862014151,21029
862014152,41065
862014155,12121
862014155,12172
862014155,41213
862014155,41214
862014160,411268
862014160,411368
862014160,411377
862014160,41558
862014160,41678
862014160,41680
862014160,41728
862014160,41747
862014161,81001
862014162,41001
862014162,41065
862014164,41357
862014164,41358
862014164,41375
862014164,41376
862014164,41382
862014164,41383
862014164,41390
862014164,41391
862014166,411096
862014166,411097
862014166,41552TLS001FRM
862014166,41609
862014166,41609TLS001FRM
862014166,41610
862014166,41611
862014166,41611TLS001FRM
862014166,41612
862014166,41613
862014166,41614
862014166,41636TLS001FRM
862014166,41639TLS001FRM
862014166,41650TLS001FRM
862014166,41668
862014166,41677
862014166,41689TLS001FRM
862014166,41808TLS001FRM
862014166,41809TLS001FRM
862014166,41834
862014166,41834TLS001FRM
862014166,41835
862014166,41835TLS001FRM
862014166,41958
862014166,41958TLS001FRM
862014166,76001
862014168,41253
862014168,41521
862014168,41641
862014168,41642
862014168,41727
862014168,41729
862014172,11121
862014172,12093
862014172,12094
862014173,41555
862014173,41556
862014173,41557
862014174,41543
862014174,41545
862014176,411157
862014176,41282
862014176,41812
862014177,411060TLS001FRM
862014177,411061TLS002FRM
862014177,411067TLS001FRM
862014177,411068TLS001FRM
862014177,41675
862014177,41733
862014177,41812
862014177,41916
862014177,44005TLS001FRM
862014177,44016
862014179,411168
862014179,41523
862014179,41768
862014183,41543
862014183,41545
862014184,11159
862014184,11164
862014184,11212
862014184,11253
862014184,41048
862014184,411019
862014184,411020
862014184,411055
862014184,411055TLS001FRM
862014184,411056TLS001FRM
862014184,411371
862014184,41483
862014184,41681
862014184,41682
862014184,41683
862014184,41684
862014184,41730
862014184,41783
862014184,41784
862014184,41869
862014184,41871
862014184,41915
862014184,41943
862014185,11154
862014185,11156
862014185,11159
862014185,11161
862014185,41030
862014185,41033
862014185,41045
862014185,41076
862014185,41096
862014185,41102
862014185,41312
862014185,41351
862014185,41399
862014185,41414
862014185,41418
862014185,41419
862014185,41422
862014185,41726
862014186,41552
862014186,41636
862014186,41639
862014186,41650
862014186,41652
862014186,41808
862014186,41809
862014186,41833
862014187,11121
862014187,11132
862014187,12058
862014187,411147
862014187,411148
862014187,41135
862014187,41182
862014187,41240
862014187,41287
862014187,41632
862014187,41758
862014187,41932
862014187,41933
862014189,41248
862014190,41672
862014190,41773
862014190,41774
862014190,41775
862014190,41929
862014190,41930
862014190,41931
862014191,21047
862014191,41005
862014191,41038
862014191,41072
862014191,41291
862014193,11149
862014193,41030
862014193,41045
862014193,41047
862014193,41096
862014193,41212
862014193,41304
862014193,41498
862014193,41499
862014193,41500
862014193,41579
862014193,41673
862014194,41244
862014196,11220
862014196,41667
862014196,41669
862014196,41698
862014197,12054
862014198,12090
862014199,41692
862014200,41700
862014200,41714
862014200,41716
862014200,91001
862014200,SRTDCTDC005
862014201,411114
862014201,411246
862014201,411324
862014201,411410
862014201,41736
862014201,41739
862014202,41637
862014202,41742
862014202,41743
862014202,41771
862014203,41665
862014203,41927
862014206,41916
862014208,41715
862014208,41717
862014208,41718
862014208,41719
862014208,41720
862014208,41724
862014208,41725
862014208,91001
862014209,11189
862014209,11193
862014209,11239
862014209,11240
862014209,11242
862014209,11243
862014209,11244
862014209,11245
862014209,11250
862014209,11251
862014209,11252
862014209,11258
862014209,11318
862014209,12040
862014209,12065
862014209,15003
862014209,21068
862014209,21069
862014209,22026
862014209,22027
862014209,25007
862014209,25012
862014209,25045
862014209,41030
862014209,41033
862014209,41039
862014209,41040
862014209,41045
862014209,41047
862014209,41072
862014209,411022
862014209,411023
862014209,41111
862014209,411150
862014209,411170
862014209,41123
862014209,411267
862014209,41129
862014209,41169
862014209,41170
862014209,41184
862014209,41188
862014209,41239
862014209,41351
862014209,41489
862014209,41491
862014209,41527
862014209,41530
862014209,41552
862014209,41572
862014209,41633
862014209,41636
862014209,41661
862014209,41676
862014209,41678
862014209,41680
862014209,41685
862014209,41694
862014209,41728
862014209,41735
862014209,41747
862014209,41763
862014209,41764
862014209,41765
862014209,41766
862014209,41767
862014209,41786
862014209,41787
862014209,41788
862014209,41789
862014209,41807
862014209,41846
862014209,41925
862014209,41926
862014209,41939
862014209,41942
862014209,41952
862014209,41953
862014209,41963
862014209,41973
862014209,44008
862014209,45003
862014209,45005
862014209,45032
862014209,45036
862014209,45038
862014209,45046
862014209,45066
862014209,45080
862014209,45081
862014209,45161
862014209,45181
862014209,45228
862014209,45235
862014209,45253
862014209,45254
862014209,45255
862014209,45280
862014209,45283
862014209,45411
862014209,45442
862014209,45443
862014209,45458
862014209,45555
862014209,45556
862014209,45557
862014209,45604
862014209,45646
862014209,RMMIX932
862014209,RMMIX933
862014209,RMPOW001
862014209,RMPOW004
862014209,RMPOW007
862014209,RMPOW010
862014209,RMPOW017
862014209,RMPOW021
862014209,RMPOW025
862014209,RMPOW031
862014209,RMPOW035
862014209,RMPOW068
862014209,RMPOW082
862014209,RMPOW088
862014209,RMPOW106
862014209,RMPOW135
862014209,RMPOW188
862014209,RMPOW223
862014209,RMPOW266
862014209,RMPOW606
862014209,RMPOW608
862014209,RMPOW610
862014209,RMPOW620
862014209,RMPOW621
862014209,RMPOW631
862014212,11201
862014212,21055
862014212,411298TLS001FRM
862014212,411299TLS001FRM
862014213,11149
862014213,11287
862014213,41030
862014213,41045
862014213,41047
862014213,41096
862014213,41212
862014213,41415
862014213,41673
862014213,41827
862014213,41831
862014215,41760
862014216,12076
862014216,41349
862014216,41350
862014216,41442
862014216,41443
862014220,12090
862014221,11064
862014221,11213
862014221,12089
862014221,41115
862014221,411181
862014221,41231
862014221,41548
862014221,41836
862014222,11121
862014222,11132
862014222,12058
862014222,41758
862014223,11064
862014223,11115
862014223,11213
862014223,12081
862014223,41114
862014223,41115
862014223,41548
862014223,41836
862014224,41111
862014224,41558
862014224,41735
862014225,41757
862014225,41880
862014226,41778
862014226,41779
862014228,411017
862014228,411018
862014228,411106
862014228,411107
862014228,41309
862014228,41310
862014228,41402
862014228,41402TLS001FRM
862014228,41403
862014228,41404
862014228,41405
862014228,41409
862014228,41410
862014228,41848
862014228,41849
862014228,41884
862014228,41885
862014228,41912
862014228,41913
862014229,11135
862014229,11159
862014229,11161
862014229,11164
862014229,41365
862014229,41481
862014229,41483
862014230,41002
862014230,41032
862014230,41181
862014230,41543
862014230,41545
862014232,12076
862014234,41880
862014237,11221
862014237,41006
862014237,41803
862014237,41803TLS001FRM
862014237,41806
862014237,41806TLS001FRM
862014237,41839
862014237,41850
862014237,41875
862014237,41877
862014237,41879
862014237,41879TLS001FRM
862014237,41879TLS003FRM
862014237,41914
862014237,42008
862014238,11221
862014238,41839
862014238,41879
862014238,41914
862014240,41558
862014240,41838
862014241,41689
862014242,41793
862014244,41038
862014245,41795
862014245,41796
862014245,41823
862014245,41824
862014245,41825
862014245,41881
862014245,41882
862014245,41882TLS001FRM
862014245,41955
862014245,41955TLS001FRM
862014246,41813
862014246,41814
862014247,41235
862014247,41254
862014247,41468
862014247,41645
862014247,41645TLS001FRM
862014247,41647
862014247,41647TLS001FRM
862014247,41656
862014247,41658
862014247,41658TLS001FRM
862014248,11033
862014248,11237
862014249,41825TLS001FRM
862014250,21058
862014250,21058TLS001FRM
862014252,44005
862014252,44007
862014252,44009
862014252,44010
862014252,44011
862014252,44016
862014252,44030
862014253,11224
862014253,11225
862014253,11227
862014253,11228
862014253,41845
862024265,41850
862024266,411062
862024266,411063
862024266,411064
862024266,411065
862024266,411070
862024266,41818
862024266,41818TLS001FRM
862024266,41967
862024266,41967TLS001FRM
862024266,41968
862024266,41968TLS001FRM
862024268,11094
862024268,11266
862024268,411065
862024268,41558
862024268,41584
862024268,41586
862024268,41595
862024268,41767
862024268,BLR1
862024268,INCONTINSP001
862024268,MNMETRFM001
862024268,RMPOW001
862024268,RMPOW010
862024268,RMPOW028
862024268,RMPOW044
862024268,RMPOW045
862024268,RMPOW056
862024268,RMPOW068
862024268,RMPOW082
862024268,RMPOW106
862024268,RMPOW124
862024268,RMPOW556
862024268,RMPOW569
862024268,RMREGRUND001
862024269,11296
862024269,11356
862024269,12115
862024269,12116
862024269,12117
862024269,12118
862024269,12119
862024269,12120
862024271,11069
862024271,11161
862024271,11164
862024271,11191
862024271,11192
862024271,11266
862024271,41008
862024271,41019
862024271,41027
862024271,41029
862024271,41030
862024271,41033
862024271,41034
862024271,41035
862024271,41045
862024271,41048
862024271,41051
862024271,41059
862024271,41076
862024271,411000
862024271,41102
862024271,41103
862024271,411058
862024271,41176
862024271,41177
862024271,41228
862024271,41240
862024271,41262
862024271,41293
862024271,41300
862024271,41313
862024271,41316
862024271,41317
862024271,41345
862024271,41347
862024271,41416
862024271,41430
862024271,41442
862024271,41443
862024271,41453
862024271,41454
862024271,41468
862024271,41490
862024271,41558
862024271,41673
862024271,41727
862024271,41729
862024271,41741
862024271,41790
862024271,41847
862024271,41873
862024271,41883
862024271,41898
862024271,41900
862024271,41911
862024271,41933
862024271,41945
862024271,41950
862024271,INCONTINSP001
862024271,RMPOW001
862024271,RMPOW007
862024271,RMPOW010
862024271,RMPOW017
862024271,RMPOW018
862024271,RMPOW019
862024271,RMPOW021
862024271,RMPOW025
862024271,RMPOW032
862024271,RMPOW106
862024271,RMPOW125
862024271,RMPOW128
862024271,RMPOW165
862024271,RMPOW223
862024271,RMPOW475
862024271,RMPOW556
862024271,RMPOW569
862024272,22010
862024272,41005
862024272,41036
862024272,41038
862024274,11056
862024274,11067
862024274,411034
862024274,411034TLS001FRM
862024274,411035
862024274,411035TLS001FRM
862024274,411076
862024274,411076TLS001FRM
862024274,411077
862024274,411077TLS001FRM
862024274,411088
862024274,411088TLS001FRM
862024274,411089
862024274,411089TLS001FRM
862024274,41905
862024274,41905TLS001FRM
862024274,41906
862024274,41906TLS001FRM
862024276,11053
862024276,11114
862024276,11115
862024276,11177
862024276,12054
862024276,12066
862024276,12081
862024276,12089
862024276,12092
862024276,41674
862024276,41820
862024276,41821
862024276,41822
862024277,41033
862024277,41907
862024277,41907TLS001FRM
862024277,41909
862024277,41909TLS001FRM
862024277,41910
862024277,41910TLS001FRM
862024277,41911
862024277,41911TLS001FRM
862024278,41282
862024278,41733
862024278,41916
862024279,41262
862024279,41263
862024280,22026
862024280,22026TLS001FRM
862024280,22027
862024280,22027TLS001FRM
862024282,45442
862024282,45443
862024283,45003
862024283,45458
862024284,45003
862024284,45046
862024284,45081
862024285,25045
862024285,41161
862024285,45003
862024285,45046
862024285,45080
862024285,45081
862024286,11008
862024286,11009
862024286,11067
862024286,11095
862024286,11138
862024286,11159
862024286,11161
862024286,11181
862024286,11187
862024286,11221
862024286,11224
862024286,11228
862024286,11260
862024286,11261
862024286,11348
862024286,12222
862024286,41007
862024286,41030
862024286,41033
862024286,41045
862024286,41047
862024286,41048
862024286,41058
862024286,411013
862024286,41102
862024286,411026
862024286,411034
862024286,411035
862024286,411042
862024286,411048
862024286,411050
862024286,411054
862024286,411074
862024286,411075
862024286,411078
862024286,411091
862024286,411098
862024286,411115
862024286,411116
862024286,411117
862024286,411118
862024286,411122
862024286,411127
862024286,411139
862024286,411158
862024286,411185
862024286,411187
862024286,411194
862024286,411201
862024286,411209
862024286,411213
862024286,411218
862024286,411222
862024286,411223
862024286,41123
862024286,411236
862024286,411240
862024286,411242
862024286,411243
862024286,411281
862024286,411287
862024286,411288
862024286,411289
862024286,41129
862024286,411290
862024286,411325
862024286,411326
862024286,411398
862024286,41169
862024286,41239
862024286,41282
862024286,41312
862024286,41343
862024286,41351
862024286,41353
862024286,41442
862024286,41443
862024286,41447
862024286,41448
862024286,41467
862024286,41485
862024286,41530
862024286,41534
862024286,41543
862024286,41552
862024286,41553
862024286,41555
862024286,41556
862024286,41557
862024286,41558
862024286,41564
862024286,41572
862024286,41578
862024286,41582
862024286,41584
862024286,41611
862024286,41623
862024286,41667
862024286,41669
862024286,41672
862024286,41676
862024286,41678
862024286,41680
862024286,41694
862024286,41700
862024286,41714
862024286,41716
862024286,41728
862024286,41733
862024286,41735
862024286,41747
862024286,41757
862024286,41767
862024286,41773
862024286,41774
862024286,41775
862024286,41800
862024286,41813
862024286,41814
862024286,41819
862024286,41845
862024286,41850
862024286,41867
862024286,41877
862024286,41880
862024286,41882
862024286,41907
862024286,41909
862024286,41910
862024286,41911
862024286,41916
862024286,41927
862024286,41929
862024286,41930
862024286,41931
862024286,41942
862024286,41946
862024286,41948
862024286,41952
862024286,41953
862024286,41956
862024286,41966
862024286,41972
862024286,41975
862024286,41983
862024286,41984
862024286,41985
862024286,41987
862024286,41988
862024286,41989
862024286,41990
862024286,41991
862024286,41999
862024286,44006
862024286,44007
862024286,44009
862024286,44018
862024286,44022
862024286,44027
862024286,44028
862024286,44029
862024286,44030
862024286,45003
862024286,71006
862024286,71011
862024286,91005
862024286,RMPOW001
862024286,RMPOW004
862024286,RMPOW005
862024286,RMPOW007
862024286,RMPOW008
862024286,RMPOW010
862024286,RMPOW015
862024286,RMPOW017
862024286,RMPOW018
862024286,RMPOW019
862024286,RMPOW022
862024286,RMPOW025
862024286,RMPOW031
862024286,RMPOW044
862024286,RMPOW057
862024286,RMPOW060
862024286,RMPOW068
862024286,RMPOW082
862024286,RMPOW091
862024286,RMPOW094
862024286,RMPOW106
862024286,RMPOW115
862024286,RMPOW121
862024286,RMPOW152
862024286,RMPOW154
862024286,RMPOW155
862024286,RMPOW169
862024286,RMPOW170
862024286,RMPOW188
862024286,RMPOW223
862024286,RMPOW266
862024286,RMPOW311
862024286,RMPOW552
862024286,RMPOW554
862024286,RMPOW556
862024286,RMPOW561
862024286,RMPOW562
862024286,RMPOW569
862024286,RMPOW599
862024286,RMPOW601
862024286,RMPOW609
862024286,RMPOW612
862024286,RMPOW615
862024286,RMPOW620
862024286,RMPOW621
862024286,RMPOW626
862024286,RMPOW639
862024286,RMPOW641
862024286,RMPOW650
862024286,RMPOW666
862024286,RMPOW677
862024286,RMPOW712
862024286,RMPOW713
862024286,RMPOW732
862024286,RMPOW750
862024286,RMPOW786
862024286,RMSCRIPS002
862024287,45442
862024287,45443
862024289,25045
862024289,45003
862024289,45005
862024289,45036
862024289,45255
862024289,45280
862024289,45283
862024295,45003
862024295,45046
862024297,25045
862024301,25045
862024301,45081
862024302,41128
862024313,25045
862024313,45046
862024313,45080
862024315,25045
862024317,41824
862024317,41935
862024317,41935TLS001FRM
862024319,41987
862024319,41987TLS001FRM
862024319,41988
862024319,41988TLS001FRM
862024319,41989
862024319,41989TLS001FRM
862024319,41990
862024319,41990TLS001FRM
862024320,45458
862024322,81001SCP001PKG
862024324,11220
862024328,11154
862024328,11161
862024328,41030
862024328,41033
862024328,41045
862024328,41102
862024328,411155
862024328,41351
862024328,41419
862024328,41448
862024328,41664
862024330,11221
862024330,41839
862024332,11136
862024332,11177
862024333,11177
862024333,11338
862024333,12097
862024333,12135
862024333,12136
862024334,44006
862024334,44011
862024334,44028
862024335,11134
862024336,41111
862024337,11143
862024337,11256
862024337,11262
862024337,11262TLS001FRM
862024337,11341
862024337,411006
862024337,411006TLS001FRM
862024337,411007
862024337,411008
862024337,411008TLS001FRM
862024337,411224
862024337,411254
862024337,411286
862024337,411286TLS001FRM
862024337,411343
862024337,411344
862024337,411360
862024337,411360TLS001FRM
862024337,411361
862024337,411361TLS001FRM
862024337,411362
862024337,411362TLS001FRM
862024337,41353
862024337,41354
862024337,41366
862024337,41397
862024337,41406
862024337,41406TLS001FRM
862024337,41415
862024337,41416
862024337,41420
862024337,41420TLS001FRM
862024337,41464
862024337,41522
862024337,41551
862024337,41580
862024337,41620
862024337,41643
862024337,41644
862024337,41653
862024337,41750
862024337,41751
862024337,41792
862024337,41794
862024337,41829
862024337,41862
862024337,41863
862024337,41897
862024338,41197
862024338,41746
862024339,411221
862024339,41130
862024339,41153
862024339,41635
862024339,41791
862024341,71003
862024342,71001
862024342,71002
862024342,71004
862024342,71005
862024342,71007
862024342,71008
862024344,81001
862024344,81002
862024344,81005
862024346,45280
862024346,45283
862024346,45411
862024347,411004
862024347,411005
862024347,41262
862024347,41873
862024348,41773
862024348,41774
862024348,41775
862024348,41929
862024348,41930
862024348,41931
862024349,41130
862024349,41692
862024351,12076
862024351,41002
862024351,41032
862024351,41181
862024351,41543
862024351,41545
862024351,41637
862024351,41742
862024351,41771
862024351,41983
862024351,41984
862024351,41985
862024353,11064
862024354,41735
862024355,45280
862024355,45443
862024356,81004
862024356,MNCOMACC013
862024359,12135
862024359,12135TLS001FRM
862024359,12136
862024359,12136TLS001FRM
862024359,21065
862024359,21066
862024359,411262
862024359,411263
862024359,411367
862024359,41820
862024359,41821
862024359,41822
862024360,81001
862024360,81005
862024360,85001
862024361,12026
862024361,12027
862024361,12040
862024361,21045
862024361,22010
862024361,22013
862024361,41005
862024361,41035
862024361,41036
862024361,41037
862024361,41038
862024361,41052
862024361,41063
862024361,41072
862024361,41371
862024361,41842
862024386,11187
862024386,11188
862024386,11191
862024386,11192
862024386,11202
862024386,11203
862024386,11289
862024386,11294
862024388,11221
862024388,41006
862024388,41839
862024388,41850
862024388,41879
862024394,44012
862024394,44018
862024396,11064
862024396,12054
862024396,41169
862024398,41066
862024399,100F2
862024399,100S3
862024399,100S4
862024399,200F1
862024399,30F5
862024399,35S1
862024399,40S4
862024399,45F2
862024399,50F5
862024399,60F3
862024399,60F4
862024399,60S1
862024399,81001
862024399,81003
862024399,81005
862024399,SF2
862024400,41039
862024400,41040
862024400,411040
862024400,411041
862024400,41184
862024400,41188
862024400,41201
862024400,41202
862024400,41848
862024400,41849
862024401,41066
862024403,11139
862024403,411341
862024403,41430
862024403,41558
862024404,411149
862024404,41773
862024404,41774
862024404,41775
862024404,41929
862024404,41929TLS001FRM
862024404,41930
862024404,41930TLS001FRM
862024404,41931
862024404,41931TLS001FRM
862024405,41665
862024405,41927
862024409,11185
862024409,11187
862024409,11188
862024412,11121
862024412,12093
862024412,12094
862024415,11288
862024416,411004
862024416,411005
862024416,41262
862024416,41263
862024416,41873
862024417,RMPOW266
862024419,411027
862024423,12054
862024425,12053
862024425,12068
862024425,12071
862024425,12072
862024425,12077
862024425,12078
862024425,21028
862024425,21064
862024425,411009
862024425,411010
862024425,411011
862024425,411012
862024425,411049
862024425,411095
862024425,411129
862024425,411179
862024425,411311
862024425,411311TLS001FRM
862024425,41185
862024425,41186
862024425,41236
862024425,41347
862024425,41497
862024425,41511
862024425,41693
862024425,41844
862024425,41999
862024432,11171
862024432,11173
862024433,41008
862024433,41019
862024433,41025
862024433,41027
862024434,41970
862024435,411069
862024435,411069TLS001FRM
862024442,41850
862024443,MNTRNSEM003
862024444,41823
862024444,41824
862024444,41825
862024448,41030
862024448,41033
862024448,41045
862024448,41351
862024449,11064
862024449,12054
862024449,41115
862024449,41169
862024449,41231
862024455,41534
862024457,81001
862024457,81005
862024458,11241
862024459,11241
862024465,22010
862024465,41036
862024465,41037
862024465,41052
862024467,85001
862024469,44011
862024469,44014
862024469,44029
862024470,12154
862024472,11299
862024472,11300
862024472,11301
862024472,11302
862024472,11303
862024475,41572
862024475,41645
862024476,411123
862024476,411124
862024477,11069
862024477,11135
862024477,11149
862024477,11154
862024477,11156
862024477,41007
862024477,41030
862024477,41033
862024477,41045
862024477,41047
862024477,41102
862024477,411155
862024477,41304
862024477,41314
862024477,41315
862024477,41317
862024477,41351
862024477,41417
862024477,41418
862024477,41419
862024477,41448
862024477,41454
862024477,41481
862024477,41499
862024477,41500
862024477,41522
862024477,41583
862024477,41847
862024477,41888
862024479,11069
862024479,11149
862024479,11154
862024479,11164
862024479,11325
862024479,41030
862024479,41033
862024479,41045
862024479,41096
862024479,41102
862024479,411038
862024479,411155
862024479,411205
862024479,41212
862024479,41293
862024479,41304
862024479,41317
862024479,41351
862024479,41365
862024479,41415
862024479,41416
862024479,41418
862024479,41454
862024479,41498
862024479,41499
862024479,41500
862024479,41619
862024479,41627
862024479,41769
862024479,41784
862024479,41829
862024479,41888
862024479,41938
862024480,11362
862024480,411114
862024480,411165
862024480,411166
862024480,411167
862024480,411247
862024481,11154
862024481,11156
862024481,11159
862024481,11161
862024481,11254
862024481,11340
862024481,41030
862024481,41033
862024481,41045
862024481,41076
862024481,41096
862024481,411155
862024481,411357
862024481,411358
862024481,41312
862024481,41351
862024481,41399
862024481,41414
862024481,41417
862024481,41418
862024481,41419
862024481,41422
862024481,41448
862024481,41898
862024483,11266
862024484,11149
862024484,11154
862024484,11156
862024484,11241
862024484,11321
862024484,41096
862024484,411202
862024484,411203
862024484,411204
862024484,411205
862024484,411206
862024484,411207
862024484,411231
862024484,41317
862024488,12003
862024490,41213
862024490,41214
862024491,41447
862024491,41485
862024491,41553
862024491,41819
862024495,41051
862024496,12075
862024496,41345
862024496,41467
862024496,41512
862024497,41302
862024500,41038
862024501,81001
862024502,411146
862024503,11122
862024503,11139
862024503,41430
862024503,41558
862024504,411062
862024504,411062TLS001FRM
862024504,411063
862024504,411063TLS001FRM
862024504,411064
862024504,411064TLS001FRM
862024504,411065
862024504,411065TLS001FRM
862024504,411070TLS001FRM
862024504,411214
862024504,411214TLS001FRM
862024504,411215
862024504,411215TLS001FRM
862024504,411308
862024504,411308TLS001FRM
862024504,411309
862024504,411309TLS001FRM
862024504,411312
862024504,411313
862024504,411314
862024504,411315
862024504,411426
862024504,41818
862024514,411135
862024514,41970
862024516,11187
862024516,11188
862024516,11191
862024516,11192
862024516,11203
862024516,11289
862024516,11294
862024518,22010
862024518,41005
862024518,41036
862024518,41037
862024518,41038
862024518,41052
862024518,41063
862024518,41072
862024519,41058
862024521,12174
862024521,22045
862024528,44006
862024528,44028
862024530,11323
862024530,11324
862024534,411168
862024534,41129
862024537,41129
862024539,411126
862024539,411126BP2.2001FRM
862024539,411126BP2.3001FRM
862024539,411126BP2.4001FRM
862024539,411126CR2.1001FRM
862024539,411126DIE001FRM
862024539,411126TLS003FRM
862024539,411126TP1.4001FRM
862024539,411128
862024539,411128BP2.2001FRM
862024539,411128BP2.3001FRM
862024539,411128BP2.4001FRM
862024539,411128CR001FRM
862024539,411128DIE001FRM
862024539,411128TLS003FRM
862024539,411128TP1.4CLMP001FRM
862024540,81001
862024543,411086
862024543,41704
862024544,11226
862024551,22010
862024551,41035
862024551,41037
862024551,41052
862024551,41063
862024551,41843
862024552,22010
862024552,41036
862024552,41037
862024552,41038
862024552,41052
862024552,41063
862024552,41072
862024552,41425
862024552,41843
862024554,41033
862024554,41045
862024554,41351
862024554,41664
862024555,21065TLS001FRM
862024555,21066TLS001FRM
862024555,411262TLS002FRM
862024555,411263TLS001FRM
862024555,411367TLS001FRM
862024556,41674
862024557,41193
862024559,411126
862024559,411128
862024559,41255
862024559,41285
862024559,41793
862024563,41850
862024564,411219
862024564,411219TLS001FRM
862024564,411319TLS001FRM
862024564,411391
862024564,411391TLS001FRM
862024570,41063
862024570,41425
862024571,22010
862024578,12090
862024579,41006
862024580,41572
862024580,41645
862024580,41658
862024581,411254
862024581,41355
862024581,41397
862024581,41406
862024581,41415
862024581,41792
862024582,411017
862024582,411018
862024582,411106
862024582,411107
862024582,41309
862024582,41310
862024582,41402
862024582,41403
862024582,41404
862024582,41405
862024582,41848
862024582,41849
862024582,41912
862024582,41913
862024585,411185
862024588,411168
862024588,41129
862024589,41177
862024589,41178
862024592,41005
862024592,41037
862024592,41425
862024592,41843
862024593,22010
862024597,41850
862024599,11323
862024599,11324
862024604,11329
862024604,11329TLS001FRM
862024604,11329TLS001SIZ
862024604,11330
862024604,11330TLS001FRM
862024604,11330TLS001SIZ
862024604,11336
862024604,21070
862024604,21070TLS001FRM
862024604,21070TLS002FRM
862024604,21071
862024604,21071TLS001FRM
862024604,21071TLS001SIZ
862024604,21073
862024604,411301
862024604,411301TLS001FRM
862024604,411302
862024604,411302TLS001FRM
862024604,411303
862024604,411303TLS001FRM
862024616,11177
862024616,11339
862024617,81006
862024619,11154
862024619,11161
862024619,41030
862024619,41033
862024619,41045
862024619,41102
862024619,411155
862024619,41351
862024619,41399
862024619,41418
862024619,41419
862024619,41448
862024622,12040
862024622,22013
862024622,41072
862024625,11092
862024625,11255
862024625,41059
862024625,411028
862024625,41103
862024625,411119
862024627,41850
862024632,11120
862024632,11122
862024633,11122
862024637,11067
862024637,411244
862024637,411245
862024637,411347
862024637,411401
862024637,41664
862024637,41744
862024637,41847
862024637,41886
862024639,41741
862024647,41066
862024648,11323
862024648,11324
862024650,85001
862024657,411380
862024658,41582
862024658,41584
862024658,41938
862024664,411350TLS001FRM
862024666,11092
862024666,11255
862024666,41059
862024666,411028
862024666,411119
862024667,41850
862024668,41850
862024669,41741
862024670,11149
862024670,11154
862024670,41030
862024670,41033
862024670,41045
862024670,41047
862024670,411038
862024670,411155
862024670,41256
862024670,41293
862024670,41365
862024670,41418
862024670,41619
862024670,41627
862024670,41784
862024670,41888
862024670,41938
862024672,41693
862024672,41844
862024681,411262
862024681,411263
862024681,411367
862024682,411404
862024686,11143
862024686,11256
862024686,11262
862024686,11341
862024686,411006
862024686,411007
862024686,411008
862024686,411224
862024686,411286
862024686,411343
862024686,411344
862024686,411360
862024686,411361
862024686,411362
862024686,411427
862024686,411430
862024686,411431
862024686,411452
862024686,41353
862024686,41354
862024686,41366
862024686,41397
862024686,41415
862024686,41416
862024686,41420
862024686,41464
862024686,41551
862024686,41620
862024686,41643
862024686,41644
862024686,41653
862024686,41750
862024686,41751
862024686,41792
862024686,41794
862024686,41829
862024686,41863
862024687,41397
862024687,41406
862024687,41415
862024687,41620
862024687,41792
862024687,41863
862024688,81005
862024694,MNTRNSVT006
862024698,11323TLS001FRM
862024698,11324TLS001FRM
862024704,411185
862024709,11338
862024710,11055
862024714,41052
862024714,41063
862024714,41072
862024715,411026
862024718,11143
862024718,11256
862024718,11262
862024718,11341
862024718,411006
862024718,411007
862024718,411008
862024718,411224
862024718,411286
862024718,411343
862024718,411344
862024718,411360
862024718,411361
862024718,411362
862024718,411427TLS001FRM
862024718,411430TLS001FRM
862024718,411452
862024718,411454
862024718,41353
862024718,41354
862024718,41366
862024718,41397
862024718,41415
862024718,41416
862024718,41420
862024718,41464
862024718,41551
862024718,41620
862024718,41643
862024718,41653
862024718,41750
862024718,41751
862024718,41792
862024718,41829
862024718,41862
862024718,41863
862024718,41897
862024719,11139
862024719,411341
862024719,41430
862024719,41558
862024720,11122
862024720,11139
862024720,411183
862024720,41430
862024720,41946
862024721,41008
862024721,41019
862024721,41027
862024722,11139
862024722,41430
862024723,411149
862024723,41773
862024723,41774
862024723,41775
862024723,41929
862024723,41931
862024724,411126
862024724,411128
862024725,41255
862024725,41672
862024725,41946
862024727,41672
862024728,411264
862024728,411265
862024728,411266
